{
  "episode_rewards": [
    3.1000000000000085,
    4.600000000000003
  ],
  "episode_lengths": [
    70,
    55
  ],
  "eval_rewards": [],
  "losses": [
    0.015625,
    0.015625,
    0.015625,
    0.015625,
    0.015625,
    0.015625,
    0.015625,
    0.015625,
    0.015625,
    0.015625,
    0.015625,
    0.015625,
    0.015625,
    0.015625,
    0.015625,
    0.015625,
    0.015625,
    0.015625,
    0.015625,
    0.015625,
    0.015625,
    0.015625,
    0.015625,
    0.015625,
    0.015625,
    0.015625,
    0.015625,
    0.015625,
    0.015625,
    0.015625,
    0.015625,
    0.015625,
    0.015625,
    0.015625,
    0.015625,
    0.015625,
    0.015625,
    0.015625,
    0.015625,
    2.83544921875,
    0.8141451022279178,
    1.0995838679406154,
    2.6383978541334874,
    2.2988859242837103,
    0.8564990137695652,
    0.007111736300991953,
    0.9012801316443284,
    0.8883020119403693,
    0.8904684194634185,
    0.8911222068776659,
    1.0746892223592606,
    0.8507686451908963,
    0.005208530002742958,
    0.8376292874487914,
    0.838646298524962,
    0.006649154640277339,
    0.8435665322759033,
    0.8382682439343319,
    0.0068897199788192694,
    0.8430183208614536,
    0.8383000443640471,
    0.8891409090927496,
    0.8271518444407451,
    0.8922201906012442,
    0.0055644781224226045,
    0.8285180318911544,
    0.8416027648257757,
    0.0063454155780523,
    0.8420041978307876,
    0.852376647981283,
    0.006555145526100472,
    0.8397563361515139,
    0.8522691769107676,
    0.8355956342899851,
    0.8802453607027126,
    0.8856734209079078,
    0.8670752802147063,
    0.00597463774121664,
    0.8609972342461272,
    0.007065014472099,
    0.8523855381871379,
    0.8505328197523765,
    0.8496612286825981,
    2.835446622945081,
    0.6616095368594077,
    0.005600808548366993,
    0.9041953477800908,
    0.8386923782070216,
    0.8535433847185094,
    0.005986343081925076,
    0.8523098972429151,
    0.005903142385105705,
    0.8549999898945392,
    0.849653377843519
  ],
  "q_values": [],
  "epsilons": [
    0.8224322824348486,
    0.6242658676435396
  ],
  "training_time": 0.125593900680542,
  "best_reward": 4.600000000000003,
  "best_episode": 1
}